id;nom;prenom;sexe;nationalite;type_piece_identite;email;date_naiss;user_id
1;à condition que traiter;à bas de;M;passablement;CNI;Theodore.Hubert93@gmail.com;2025-05-27T08:17:25;1
2;orange coac coac;aussitôt que d'avec gigantesque;F;comme jusqu’à ce que;ACTENAISSANCE;Benigne_Pons@gmail.com;2025-05-27T16:33:10;2
3;énoncer depuis par rapport à;par rapport à livrer de peur que;M;percevoir;ACTENAISSANCE;Edmee8@yahoo.fr;2025-05-27T14:30:02;1
4;chut;membre de l’équipe altruiste;F;de façon à ce que;PASSEPORT;Nestor_Prevost@hotmail.fr;2025-05-27T15:23:25;2
5;ha ha durant adorable;ailleurs prout tsoin-tsoin;F;auprès de touchant sitôt;CNI;Sigismond37@yahoo.fr;2025-05-27T09:52:36;2
6;parfois smack;lors de;M;totalement;CNI;Armel.Leclerc@gmail.com;2025-05-28T06:22:56;1
7;avare d’autant que membre de l’équipe;à côté de;M;pacifique longtemps;CNI;Leu66@yahoo.fr;2025-05-27T16:51:40;1
8;en guise de à cause de de sorte que;infiniment;F;agir filer;PASSEPORT;Azelie.David29@hotmail.fr;2025-05-27T13:47:41;1
9;bon;juriste;F;a;ACTENAISSANCE;Amethyste94@gmail.com;2025-05-28T04:19:56;2
10;soigner sous couleur de;géométrique dès de peur que;F;puis toucher conseil d’administration;CNI;Daphne_Rousseau@hotmail.fr;2025-05-27T08:19:36;2
